6923c2c0554def653193a840,1
6923c2c0554def653193a840,1
6923c2c0554def653193a840,1
6923c2c0554def653193a840,1
6923c2c0554def653193a840,1
6923c2c0554def653193a840,1
6923c2c0554def653193a840,1
6923c2c0554def653193a840,1
6923c2c0554def653193a840,1
6923c2c0554def653193a840,1
6923c2c0554def653193a840,1
6923c2c0554def653193a840,1
6923c2c0554def653193a840,1
6923c2c0554def653193a840,1
6923c2c0554def653193a840,1
6923c2c0554def653193a840,1
6923c2c0554def653193a840,1
6923c2c0554def653193a840,1
6923c2c0554def653193a840,1
6923c2c0554def653193a840,1
6923c2c0554def653193a840,1
6923c2c0554def653193a840,1
6923c2c0554def653193a840,1
6923c2c0554def653193a840,1
6923c2c0554def653193a840,1
6923c2c0554def653193a840,1
6923c2c0554def653193a840,1
6923c2c0554def653193a840,1
6923c2c0554def653193a840,1
6923c2c0554def653193a840,1
6923c2c0554def653193a840,1
6923c2c0554def653193a840,1
6923c2c0554def653193a840,1
6923c2c0554def653193a840,1
6923c2c0554def653193a840,1
6923c2c0554def653193a840,1
6923c2c0554def653193a840,1
6923c2c0554def653193a840,1
6923c2c0554def653193a840,1
6923c2c0554def653193a840,1
6923c2c0554def653193a840,1
6923c2c0554def653193a840,1
6923c2c0554def653193a840,1
6923c2c0554def653193a840,1
6923c2c0554def653193a840,1
6923c2c0554def653193a840,1
6923c2c0554def653193a840,1
6923c2c0554def653193a840,1
6923c2c0554def653193a840,1
6923c2c0554def653193a840,1
6923c2c0554def653193a840,1
6923c2c0554def653193a840,1
6923c2c0554def653193a840,1
6923c2c0554def653193a840,1
6923c2c0554def653193a840,1
6923c2c0554def653193a840,1
6923c2c0554def653193a840,1
6923c2c0554def653193a840,1
6923c2c0554def653193a840,1
6923c2c0554def653193a840,1
6923c2c0554def653193a840,1
6923c2c0554def653193a840,1
6923c2c0554def653193a840,1
6923c2c0554def653193a840,1
6923c2c0554def653193a840,1
6923c2c0554def653193a840,1
6923c2c0554def653193a840,1
6923c2c0554def653193a840,1
6923c2c0554def653193a840,1
6923c2c0554def653193a840,1
6923c2c0554def653193a840,1
6923c2c0554def653193a840,1
6923c2c0554def653193a840,1
6923c2c0554def653193a840,1
6923c2c0554def653193a840,1
6923c2c0554def653193a840,1
6923c2c0554def653193a840,1
6923c2c0554def653193a840,1
6923c2c0554def653193a840,1
6923c2c0554def653193a840,1
6923c2c0554def653193a840,1
6923c2c0554def653193a840,1
6923c2c0554def653193a840,1
6923c2c0554def653193a840,1
6923c2c0554def653193a840,1
6923c2c0554def653193a840,1
6923c2c0554def653193a840,1
6923c2c0554def653193a840,1
6923c2c0554def653193a840,1
6923c2c0554def653193a840,1
6923c2c0554def653193a840,1
6923c2c0554def653193a840,1
6923c2c0554def653193a840,1
6923c2c0554def653193a840,1
6923c2c0554def653193a840,1
6923c2c0554def653193a840,1
6923c2c0554def653193a840,1
6923c2c0554def653193a840,1
6923c2c0554def653193a840,1
6923c2c0554def653193a840,1
6923c2c0554def653193a840,1
6923c2c0554def653193a840,1
6923c2c0554def653193a840,1
6923c2c0554def653193a840,1
6923c2c0554def653193a840,1
6923c2c0554def653193a840,1
6923c2c0554def653193a840,1
6923c2c0554def653193a840,1
6923c2c0554def653193a840,1
6923c2c0554def653193a840,1
6923c2c0554def653193a840,1
6923c2c0554def653193a840,1
6923c2c0554def653193a840,1
6923c2c0554def653193a840,1
6923c2c0554def653193a840,1
6923c2c0554def653193a840,1
6923c2c0554def653193a840,1
6923c2c0554def653193a840,1
6923c2c0554def653193a840,1
6923c2c0554def653193a840,1
6923c2c0554def653193a840,1
6923c2c0554def653193a840,1
6923c2c0554def653193a840,1
6923c2c0554def653193a840,1
6923c2c0554def653193a840,1
6923c2c0554def653193a840,1
6923c2c0554def653193a840,1
6923c2c0554def653193a840,1
6923c2c0554def653193a840,1
6923c2c0554def653193a840,1
6923c2c0554def653193a840,1
6923c2c0554def653193a840,1
6923c2c0554def653193a840,1
6923c2c0554def653193a840,1
6923c2c0554def653193a840,1
6923c2c0554def653193a840,1
6923c2c0554def653193a840,1
6923c2c0554def653193a840,1
6923c2c0554def653193a840,1
6923c2c0554def653193a840,1
6923c2c0554def653193a840,1
6923c2c0554def653193a840,1
6923c2c0554def653193a840,1
6923c2c0554def653193a840,1